Detector Type,  Detector Time, Detected KeyPoints, Descriptor Type, Descriptor Time, MatcherType, SelectorType, Match Time, Matched KeyPoints
FAST,2.45644,419,BRISK,300.54,FAST,2.06894,427,BRISK,299.948,MAT_BF,SEL_KNN,5.12435,256
FAST,2.02253,404,BRISK,305.457,MAT_BF,SEL_KNN,3.374,243
FAST,1.84759,423,BRISK,307.128,MAT_BF,SEL_KNN,5.59465,241
FAST,1.95289,386,BRISK,304.017,MAT_BF,SEL_KNN,2.3219,239
FAST,2.00384,414,BRISK,312.271,MAT_BF,SEL_KNN,2.28136,215
FAST,2.3391,418,BRISK,305.729,MAT_BF,SEL_KNN,6.39485,251
FAST,2.12964,406,BRISK,312.07,MAT_BF,SEL_KNN,2.59364,248
FAST,1.95527,396,BRISK,442.283,MAT_BF,SEL_KNN,3.14938,243
FAST,2.17758,401,BRISK,308.439,MAT_BF,SEL_KNN,2.36445,247
,247
Detector Type,  Detector Time, Detected KeyPoints, Descriptor Type, Descriptor Time, MatcherType, SelectorType, Match Time, Matched KeyPoints
FAST,3.1387,419,BRISK,344.405,FAST,2.06607,427,BRISK,326.361,MAT_BF,SEL_KNN,3.50991,256
FAST,1.96793,404,BRISK,318.244,MAT_BF,SEL_KNN,2.32964,243
FAST,1.99827,423,BRISK,316.493,MAT_BF,SEL_KNN,2.30647,241
FAST,2.05527,386,BRISK,363.389,MAT_BF,SEL_KNN,2.19686,239
FAST,2.01362,414,BRISK,313.87,MAT_BF,SEL_KNN,2.18351,215
FAST,2.06692,418,BRISK,351.685,MAT_BF,SEL_KNN,2.43839,251
FAST,1.99906,406,BRISK,314.381,MAT_BF,SEL_KNN,2.29723,248
FAST,2.15345,396,BRISK,332.691,MAT_BF,SEL_KNN,4.87206,243
FAST,2.17101,401,BRISK,341.795,MAT_BF,SEL_KNN,4.49996,247
Detector Type,  Detector Time, Detected KeyPoints, Descriptor Type, Descriptor Time, MatcherType, SelectorType, Match Time, Matched KeyPoints
FAST,2.20095,419,BRIEF,2.32036,FAST,2.18531,427,BRIEF,2.13419,MAT_BF,SEL_KNN,2.36818,320
FAST,1.99625,404,BRIEF,1.9827,MAT_BF,SEL_KNN,2.43956,332
FAST,1.95199,423,BRIEF,1.43301,MAT_BF,SEL_KNN,4.46849,299
FAST,1.98821,386,BRIEF,2.12875,MAT_BF,SEL_KNN,1.93444,331
FAST,2.1603,414,BRIEF,1.57805,MAT_BF,SEL_KNN,3.01954,276
FAST,1.97426,418,BRIEF,1.80053,MAT_BF,SEL_KNN,2.09407,327
FAST,2.5299,406,BRIEF,1.50926,MAT_BF,SEL_KNN,2.46798,324
FAST,2.05646,396,BRIEF,1.39458,MAT_BF,SEL_KNN,2.20673,315
FAST,2.12885,401,BRIEF,1.72724,MAT_BF,SEL_KNN,1.93501,307
Detector Type,  Detector Time, Detected KeyPoints, Descriptor Type, Descriptor Time, MatcherType, SelectorType, Match Time, Matched KeyPoints
FAST,8.63812,419,ORB,23.6478,FAST,4.22993,427,ORB,1.84064,MAT_BF,SEL_KNN,3.14422,307
FAST,1.95604,404,ORB,2.07531,MAT_BF,SEL_KNN,2.02312,308
FAST,2.12022,423,ORB,2.20152,MAT_BF,SEL_KNN,2.2238,298
FAST,1.97812,386,ORB,2.99377,MAT_BF,SEL_KNN,2.04786,321
FAST,1.8883,414,ORB,1.45899,MAT_BF,SEL_KNN,2.19738,283
FAST,2.3857,418,ORB,1.64991,MAT_BF,SEL_KNN,2.21883,315
FAST,3.34635,406,ORB,1.96117,MAT_BF,SEL_KNN,1.99642,323
FAST,1.92218,396,ORB,1.45336,MAT_BF,SEL_KNN,2.63385,302
FAST,2.03826,401,ORB,1.83874,MAT_BF,SEL_KNN,1.89549,311
Detector Type,  Detector Time, Detected KeyPoints, Descriptor Type, Descriptor Time, MatcherType, SelectorType, Match Time, Matched KeyPoints
FAST,2.13513,419,FREAK,54.5455,FAST,2.0852,427,FREAK,41.6865,MAT_BF,SEL_KNN,5.15407,251
FAST,1.86907,404,FREAK,39.5492,MAT_BF,SEL_KNN,2.30635,247
FAST,1.9904,423,FREAK,39.9808,MAT_BF,SEL_KNN,2.26868,233
FAST,1.87216,386,FREAK,38.3778,MAT_BF,SEL_KNN,2.19297,255
FAST,1.88596,414,FREAK,38.8663,MAT_BF,SEL_KNN,2.19293,231
FAST,1.96573,418,FREAK,39.315,MAT_BF,SEL_KNN,2.3008,265
FAST,1.91955,406,FREAK,38.5862,MAT_BF,SEL_KNN,2.25642,251
FAST,1.91886,396,FREAK,38.4071,MAT_BF,SEL_KNN,2.15067,253
FAST,2.02993,401,FREAK,39.1869,MAT_BF,SEL_KNN,2.21795,247
Detector Type,  Detector Time, Detected KeyPoints, Descriptor Type, Descriptor Time, MatcherType, SelectorType, Match Time, Matched KeyPoints
FAST,12.7583,419,SIFT,90.2522,FAST,2.18489,427,SIFT,40.8966,MAT_BF,SEL_KNN,3.55022,316
FAST,1.91043,404,SIFT,44.2826,MAT_BF,SEL_KNN,3.41147,325
FAST,1.88427,423,SIFT,42.5865,MAT_BF,SEL_KNN,3.47286,297
FAST,1.89607,386,SIFT,40.3844,MAT_BF,SEL_KNN,3.34943,311
FAST,1.93255,414,SIFT,37.9446,MAT_BF,SEL_KNN,3.20128,291
FAST,1.9136,418,SIFT,39.5567,MAT_BF,SEL_KNN,7.34968,326
FAST,1.92757,406,SIFT,40.5745,MAT_BF,SEL_KNN,9.81015,315
FAST,2.00892,396,SIFT,40.3745,MAT_BF,SEL_KNN,3.23165,300
FAST,2.12801,401,SIFT,37.2902,MAT_BF,SEL_KNN,3.18509,301
Detector Type,  Detector Time, Detected KeyPoints, Descriptor Type, Descriptor Time, MatcherType, SelectorType, Match Time, Matched KeyPoints
FAST,2.27674,419,SIFT,40.4586,FAST,3.25603,427,SIFT,43.2247,MAT_FLANN,SEL_KNN,6.99229,317
FAST,1.8938,404,SIFT,42.4627,MAT_FLANN,SEL_KNN,6.45045,325
FAST,1.93512,423,SIFT,40.8854,MAT_FLANN,SEL_KNN,6.27831,299
FAST,2.00102,386,SIFT,39.2367,MAT_FLANN,SEL_KNN,6.18867,311
FAST,1.91164,414,SIFT,37.4767,MAT_FLANN,SEL_KNN,6.05938,291
FAST,1.9247,418,SIFT,36.4988,MAT_FLANN,SEL_KNN,6.55315,327
FAST,1.89701,406,SIFT,35.0388,MAT_FLANN,SEL_KNN,6.28259,317
FAST,1.97796,396,SIFT,35.4137,MAT_FLANN,SEL_KNN,6.27198,301
FAST,1.94527,401,SIFT,37.211,MAT_FLANN,SEL_KNN,6.03543,301
Detector Type,  Detector Time, Detected KeyPoints, Descriptor Type, Descriptor Time, MatcherType, SelectorType, Match Time, Matched KeyPoints
FAST,2.17664,419,FREAK,58.5734,FAST,2.11038,427,FREAK,41.7379,MAT_FLANN,SEL_KNN,10.6593,251
FAST,1.99431,404,FREAK,40.3413,MAT_FLANN,SEL_KNN,8.91977,250
FAST,2.0001,423,FREAK,39.7333,MAT_FLANN,SEL_KNN,7.97353,238
FAST,1.85786,386,FREAK,38.9256,MAT_FLANN,SEL_KNN,7.34218,258
FAST,1.89727,414,FREAK,39.2764,MAT_FLANN,SEL_KNN,8.05703,234
FAST,1.89163,418,FREAK,39.8053,MAT_FLANN,SEL_KNN,8.37812,270
FAST,2.00401,406,FREAK,39.1522,MAT_FLANN,SEL_KNN,8.40692,255
FAST,1.92035,396,FREAK,39.5972,MAT_FLANN,SEL_KNN,9.45485,253
FAST,1.94804,401,FREAK,39.8197,MAT_FLANN,SEL_KNN,7.22405,250
Detector Type,  Detector Time, Detected KeyPoints, Descriptor Type, Descriptor Time, MatcherType, SelectorType, Match Time, Matched KeyPoints
FAST,2.1581,419,ORB,1.81745,FAST,2.21302,427,ORB,2.29301,MAT_FLANN,SEL_KNN,18.3797,309
FAST,1.88319,404,ORB,1.52599,MAT_FLANN,SEL_KNN,8.14576,318
FAST,1.96936,423,ORB,1.81003,MAT_FLANN,SEL_KNN,8.51308,301
FAST,2.03127,386,ORB,1.81291,MAT_FLANN,SEL_KNN,8.76256,325
FAST,2.23331,414,ORB,1.48875,MAT_FLANN,SEL_KNN,7.33983,287
FAST,2.17587,418,ORB,1.51903,MAT_FLANN,SEL_KNN,8.34863,320
FAST,2.01126,406,ORB,1.45869,MAT_FLANN,SEL_KNN,7.50764,322
FAST,2.04077,396,ORB,1.71394,MAT_FLANN,SEL_KNN,7.51894,301
FAST,2.1669,401,ORB,2.05094,MAT_FLANN,SEL_KNN,7.53939,311
Detector Type,  Detector Time, Detected KeyPoints, Descriptor Type, Descriptor Time, MatcherType, SelectorType, Match Time, Matched KeyPoints
FAST,2.12543,419,BRIEF,2.28642,FAST,2.00486,427,BRIEF,2.01003,MAT_FLANN,SEL_KNN,8.30583,319
FAST,1.95036,404,BRIEF,1.96678,MAT_FLANN,SEL_KNN,7.9329,330
FAST,1.89026,423,BRIEF,1.44371,MAT_FLANN,SEL_KNN,8.78282,298
FAST,1.92963,386,BRIEF,1.92773,MAT_FLANN,SEL_KNN,8.39932,331
FAST,1.9624,414,BRIEF,1.50305,MAT_FLANN,SEL_KNN,7.86409,277
FAST,1.96781,418,BRIEF,1.54815,MAT_FLANN,SEL_KNN,8.23359,326
FAST,1.99029,406,BRIEF,1.81007,MAT_FLANN,SEL_KNN,7.73017,323
FAST,2.02843,396,BRIEF,1.42286,MAT_FLANN,SEL_KNN,11.3677,316
FAST,2.08578,401,BRIEF,2.40439,MAT_FLANN,SEL_KNN,6.54712,306
FAST,2.15503,419,BRISK,296.864,FAST,2.10269,427,BRISK,297.747,MAT_FLANN,SEL_KNN,6.98646,265
FAST,1.94143,404,BRISK,302.863,MAT_FLANN,SEL_KNN,7.91867,253
FAST,1.9843,423,BRISK,311.784,MAT_FLANN,SEL_KNN,7.75753,247
FAST,1.89643,386,BRISK,295.221,MAT_FLANN,SEL_KNN,8.34116,247
FAST,1.99917,414,BRISK,295.384,MAT_FLANN,SEL_KNN,7.49782,224
FAST,2.01063,418,BRISK,295.248,MAT_FLANN,SEL_KNN,6.07533,257
FAST,2.02433,406,BRISK,293.399,MAT_FLANN,SEL_KNN,6.72161,253
FAST,1.93678,396,BRISK,295.186,MAT_FLANN,SEL_KNN,6.22653,249
FAST,2.02413,401,BRISK,294.044,MAT_FLANN,SEL_KNN,7.46132,257
SHITOMASI,29.8499,125,BRISK,293.13,SHITOMASI,13.5669,118,BRISK,303.213,MAT_BF,SEL_KNN,0.353601,95
SHITOMASI,12.8715,123,BRISK,292.868,MAT_BF,SEL_KNN,0.289904,88
SHITOMASI,12.8115,120,BRISK,292.753,MAT_BF,SEL_KNN,0.313684,80
SHITOMASI,12.8678,120,BRISK,291.393,MAT_BF,SEL_KNN,0.2975,90
SHITOMASI,13.005,113,BRISK,292.129,MAT_BF,SEL_KNN,0.276654,82
SHITOMASI,14.285,114,BRISK,291.327,MAT_BF,SEL_KNN,0.274375,79
SHITOMASI,14.2054,123,BRISK,292.168,MAT_BF,SEL_KNN,0.290149,85
SHITOMASI,13.7411,111,BRISK,294.384,MAT_BF,SEL_KNN,0.28699,86
SHITOMASI,13.9147,112,BRISK,291.198,MAT_BF,SEL_KNN,0.285755,82
SHITOMASI,16.1466,125,BRIEF,0.795714,SHITOMASI,14.8315,118,BRIEF,1.3623,MAT_BF,SEL_KNN,0.414207,115
SHITOMASI,14.9093,123,BRIEF,1.24719,MAT_BF,SEL_KNN,0.310482,111
SHITOMASI,14.2333,120,BRIEF,1.31169,MAT_BF,SEL_KNN,0.258278,104
SHITOMASI,14.1016,120,BRIEF,1.2372,MAT_BF,SEL_KNN,0.25609,101
SHITOMASI,14.1219,113,BRIEF,1.26978,MAT_BF,SEL_KNN,0.270738,102
SHITOMASI,14.5714,114,BRIEF,1.10487,MAT_BF,SEL_KNN,0.238084,102
SHITOMASI,14.981,123,BRIEF,1.14021,MAT_BF,SEL_KNN,0.249734,100
SHITOMASI,14.0127,111,BRIEF,1.56445,MAT_BF,SEL_KNN,0.30694,109
SHITOMASI,13.9711,112,BRIEF,1.28882,MAT_BF,SEL_KNN,0.327401,100
SHITOMASI,14.437,125,ORB,1.45776,SHITOMASI,14.2627,118,ORB,1.51189,MAT_BF,SEL_KNN,0.47884,106
SHITOMASI,14.48,123,ORB,1.20016,MAT_BF,SEL_KNN,0.266387,102
SHITOMASI,14.7554,120,ORB,1.09551,MAT_BF,SEL_KNN,0.267849,99
SHITOMASI,14.507,120,ORB,1.42241,MAT_BF,SEL_KNN,0.433155,102
SHITOMASI,14.8285,113,ORB,1.29195,MAT_BF,SEL_KNN,0.258838,103
SHITOMASI,14.2513,114,ORB,1.29267,MAT_BF,SEL_KNN,0.279693,97
SHITOMASI,14.3804,123,ORB,1.3483,MAT_BF,SEL_KNN,0.247792,98
SHITOMASI,13.974,111,ORB,1.29771,MAT_BF,SEL_KNN,0.280486,104
SHITOMASI,13.9981,112,ORB,1.2593,MAT_BF,SEL_KNN,0.239981,97
SHITOMASI,15.0398,125,FREAK,40.3056,SHITOMASI,13.2759,118,FREAK,37.2759,MAT_BF,SEL_KNN,0.578782,86
SHITOMASI,10.1695,123,FREAK,37.7567,MAT_BF,SEL_KNN,0.286084,90
SHITOMASI,11.8771,120,FREAK,37.9809,MAT_BF,SEL_KNN,0.290884,86
SHITOMASI,11.1391,120,FREAK,37.6604,MAT_BF,SEL_KNN,0.289252,88
SHITOMASI,9.79159,113,FREAK,37.7809,MAT_BF,SEL_KNN,0.329182,86
SHITOMASI,11.775,114,FREAK,38.0116,MAT_BF,SEL_KNN,0.26437,80
SHITOMASI,11.5894,123,FREAK,37.8648,MAT_BF,SEL_KNN,0.299488,81
SHITOMASI,10.3449,111,FREAK,38.441,MAT_BF,SEL_KNN,0.282369,86
SHITOMASI,10.6616,112,FREAK,37.5036,MAT_BF,SEL_KNN,0.259224,85
SHITOMASI,16.7219,125,SIFT,20.9821,SHITOMASI,11.448,118,SIFT,18.3398,MAT_BF,SEL_KNN,0.798388,112
SHITOMASI,11.8178,123,SIFT,17.7547,MAT_BF,SEL_KNN,0.339376,109
SHITOMASI,11.2038,120,SIFT,18.3782,MAT_BF,SEL_KNN,0.703935,104
SHITOMASI,11.1274,120,SIFT,17.6418,MAT_BF,SEL_KNN,0.354316,103
SHITOMASI,14.6576,113,SIFT,21.0273,MAT_BF,SEL_KNN,0.534419,99
SHITOMASI,14.6613,114,SIFT,21.4495,MAT_BF,SEL_KNN,0.353276,101
SHITOMASI,13.8853,123,SIFT,20.8761,MAT_BF,SEL_KNN,0.555472,96
SHITOMASI,11.9173,111,SIFT,18.6091,MAT_BF,SEL_KNN,0.626262,106
SHITOMASI,16.0159,112,SIFT,20.9004,MAT_BF,SEL_KNN,0.302152,97
SHITOMASI,15.5452,125,SIFT,20.5917,SHITOMASI,11.6175,118,SIFT,17.4699,MAT_FLANN,SEL_KNN,1.91394,112
SHITOMASI,11.6073,123,SIFT,16.5554,MAT_FLANN,SEL_KNN,1.79637,108
SHITOMASI,11.001,120,SIFT,16.8496,MAT_FLANN,SEL_KNN,1.78979,104
SHITOMASI,11.1017,120,SIFT,18.544,MAT_FLANN,SEL_KNN,1.82752,103
SHITOMASI,15.0146,113,SIFT,21.0577,MAT_FLANN,SEL_KNN,1.77604,99
SHITOMASI,14.935,114,SIFT,23.6864,MAT_FLANN,SEL_KNN,1.642,101
SHITOMASI,14.7343,123,SIFT,20.7817,MAT_FLANN,SEL_KNN,1.79476,96
SHITOMASI,17.7003,111,SIFT,22.2675,MAT_FLANN,SEL_KNN,1.73515,106
SHITOMASI,14.3855,112,SIFT,22.4796,MAT_FLANN,SEL_KNN,1.64042,97
SHITOMASI,14.3981,125,FREAK,39.916,SHITOMASI,12.3642,118,FREAK,37.8399,MAT_FLANN,SEL_KNN,2.27297,85
SHITOMASI,10.8346,123,FREAK,38.3071,MAT_FLANN,SEL_KNN,2.32228,89
SHITOMASI,11.0102,120,FREAK,38.0172,MAT_FLANN,SEL_KNN,1.83601,86
SHITOMASI,11.9364,120,FREAK,39.6792,MAT_FLANN,SEL_KNN,1.95494,89
SHITOMASI,10.0166,113,FREAK,37.6704,MAT_FLANN,SEL_KNN,2.10721,84
SHITOMASI,9.90455,114,FREAK,37.6779,MAT_FLANN,SEL_KNN,2.15882,82
SHITOMASI,12.3341,123,FREAK,37.8718,MAT_FLANN,SEL_KNN,2.15099,80
SHITOMASI,11.0572,111,FREAK,38.1325,MAT_FLANN,SEL_KNN,2.41407,87
SHITOMASI,12.287,112,FREAK,37.9604,MAT_FLANN,SEL_KNN,1.70859,85
SHITOMASI,14.2635,125,ORB,1.69785,SHITOMASI,15.0401,118,ORB,1.45121,MAT_FLANN,SEL_KNN,2.89932,98
SHITOMASI,15.076,123,ORB,1.11359,MAT_FLANN,SEL_KNN,1.77351,94
SHITOMASI,14.5383,120,ORB,1.12427,MAT_FLANN,SEL_KNN,2.01342,93
SHITOMASI,13.9315,120,ORB,1.22755,MAT_FLANN,SEL_KNN,3.14496,96
SHITOMASI,14.4899,113,ORB,1.27719,MAT_FLANN,SEL_KNN,2.20335,100
SHITOMASI,14.266,114,ORB,1.20751,MAT_FLANN,SEL_KNN,1.81523,91
SHITOMASI,24.8299,123,ORB,1.28287,MAT_FLANN,SEL_KNN,1.74823,95
SHITOMASI,14.1883,111,ORB,1.67901,MAT_FLANN,SEL_KNN,1.83881,99
SHITOMASI,14.6386,112,ORB,1.39884,MAT_FLANN,SEL_KNN,2.56953,83
SHITOMASI,16.1709,125,BRIEF,0.755422,SHITOMASI,14.9553,118,BRIEF,1.19349,MAT_FLANN,SEL_KNN,3.01892,111
SHITOMASI,16.1026,123,BRIEF,1.11036,MAT_FLANN,SEL_KNN,1.88518,110
SHITOMASI,14.4668,120,BRIEF,1.49328,MAT_FLANN,SEL_KNN,2.08572,104
SHITOMASI,24.9113,120,BRIEF,1.07466,MAT_FLANN,SEL_KNN,1.68153,99
SHITOMASI,14.4765,113,BRIEF,1.10951,MAT_FLANN,SEL_KNN,2.89724,103
SHITOMASI,14.1047,114,BRIEF,1.09203,MAT_FLANN,SEL_KNN,1.58395,98
SHITOMASI,14.9264,123,BRIEF,1.43471,MAT_FLANN,SEL_KNN,1.96329,98
SHITOMASI,14.2309,111,BRIEF,1.08864,MAT_FLANN,SEL_KNN,1.71048,104
SHITOMASI,13.9646,112,BRIEF,1.35185,MAT_FLANN,SEL_KNN,2.17275,97
SHITOMASI,15.0455,125,BRISK,303.768,SHITOMASI,15.0484,118,BRISK,291.459,MAT_FLANN,SEL_KNN,2.14978,94
SHITOMASI,13.8364,123,BRISK,291.9,MAT_FLANN,SEL_KNN,2.0158,85
SHITOMASI,13.5054,120,BRISK,292.802,MAT_FLANN,SEL_KNN,1.99314,83
SHITOMASI,14.0023,120,BRISK,291.647,MAT_FLANN,SEL_KNN,2.02877,84
SHITOMASI,18.9704,113,BRISK,291.515,MAT_FLANN,SEL_KNN,1.77677,82
SHITOMASI,14.0734,114,BRISK,292.039,MAT_FLANN,SEL_KNN,1.83385,77
SHITOMASI,12.8128,123,BRISK,291.384,MAT_FLANN,SEL_KNN,1.94061,86
SHITOMASI,14.3957,111,BRISK,290.939,MAT_FLANN,SEL_KNN,1.95025,89
SHITOMASI,14.1381,112,BRISK,298.07,MAT_FLANN,SEL_KNN,1.78473,73
HARIS,16.5388,17,BRISK,299.845,HARIS,14.7128,14,BRISK,290.369,MAT_FLANN,SEL_KNN,0.597305,4
HARIS,15.4589,19,BRISK,287.747,MAT_FLANN,SEL_KNN,0.513269,6
HARIS,14.5395,22,BRISK,289.369,MAT_FLANN,SEL_KNN,0.592673,7
HARIS,15.0051,26,BRISK,289.172,MAT_FLANN,SEL_KNN,0.609485,15
HARIS,29.5696,47,BRISK,290.881,MAT_FLANN,SEL_KNN,0.716242,15
HARIS,13.8941,18,BRISK,294.958,MAT_FLANN,SEL_KNN,0.785068,14
HARIS,15.8884,33,BRISK,291.415,MAT_FLANN,SEL_KNN,0.604329,13
HARIS,15.1206,27,BRISK,291.007,MAT_FLANN,SEL_KNN,0.740557,20
HARIS,18.0309,35,BRISK,289.071,MAT_FLANN,SEL_KNN,0.70623,15
HARIS,17.3889,17,BRIEF,0.392269,HARIS,16.144,14,BRIEF,0.790769,MAT_FLANN,SEL_KNN,0.532569,9
HARIS,15.4464,19,BRIEF,0.855801,MAT_FLANN,SEL_KNN,0.481486,7
HARIS,15.4791,22,BRIEF,0.830101,MAT_FLANN,SEL_KNN,0.570988,11
HARIS,15.4855,26,BRIEF,0.827252,MAT_FLANN,SEL_KNN,0.532849,16
HARIS,28.6489,47,BRIEF,0.468019,MAT_FLANN,SEL_KNN,0.602361,22
HARIS,14.6608,18,BRIEF,0.847854,MAT_FLANN,SEL_KNN,0.817849,20
HARIS,16.4232,33,BRIEF,1.00943,MAT_FLANN,SEL_KNN,0.959772,16
HARIS,14.811,27,BRIEF,0.401869,MAT_FLANN,SEL_KNN,0.648826,22
HARIS,30.1894,35,BRIEF,0.909003,MAT_FLANN,SEL_KNN,0.82929,21
HARIS,16.4437,17,ORB,1.12034,HARIS,15.2881,14,ORB,1.08664,MAT_FLANN,SEL_KNN,0.769224,10
HARIS,14.8846,19,ORB,1.13495,MAT_FLANN,SEL_KNN,0.51734,9
HARIS,26.0032,22,ORB,1.08942,MAT_FLANN,SEL_KNN,0.540433,12
HARIS,15.7089,26,ORB,1.24003,MAT_FLANN,SEL_KNN,0.657937,14
HARIS,27.9039,47,ORB,1.09618,MAT_FLANN,SEL_KNN,0.67692,20
HARIS,14.7957,18,ORB,1.03509,MAT_FLANN,SEL_KNN,0.833572,14
HARIS,17.0436,33,ORB,1.14961,MAT_FLANN,SEL_KNN,0.61542,13
HARIS,15.2263,27,ORB,1.21154,MAT_FLANN,SEL_KNN,0.725223,18
HARIS,19.3848,35,ORB,1.19159,MAT_FLANN,SEL_KNN,0.62048,18
HARIS,25.4399,17,FREAK,38.7091,HARIS,13.9215,14,FREAK,47.8993,MAT_FLANN,SEL_KNN,0.6431,12
HARIS,12.8909,19,FREAK,37.465,MAT_FLANN,SEL_KNN,0.756945,7
HARIS,10.7671,22,FREAK,37.1521,MAT_FLANN,SEL_KNN,0.577868,13
HARIS,13.5417,26,FREAK,37.0903,MAT_FLANN,SEL_KNN,0.597659,16
HARIS,25.4352,47,FREAK,37.3875,MAT_FLANN,SEL_KNN,1.02793,17
HARIS,11.0439,18,FREAK,36.5766,MAT_FLANN,SEL_KNN,0.786379,16
HARIS,12.2473,33,FREAK,36.9241,MAT_FLANN,SEL_KNN,0.568734,11
HARIS,11.161,27,FREAK,36.8829,MAT_FLANN,SEL_KNN,0.76016,17
HARIS,16.7815,35,FREAK,37.4425,MAT_FLANN,SEL_KNN,0.619127,17
HARIS,15.8337,17,SIFT,22.642,HARIS,28.2969,14,SIFT,20.2023,MAT_FLANN,SEL_KNN,0.284843,14
HARIS,16.0265,19,SIFT,22.5052,MAT_FLANN,SEL_KNN,0.222185,11
HARIS,15.7483,22,SIFT,21.7648,MAT_FLANN,SEL_KNN,0.344053,16
HARIS,15.9769,26,SIFT,20.24,MAT_FLANN,SEL_KNN,0.389365,20
HARIS,28.3691,47,SIFT,20.4059,MAT_FLANN,SEL_KNN,0.503395,21
HARIS,14.5142,18,SIFT,20.7597,MAT_FLANN,SEL_KNN,0.457,23
HARIS,16.8773,33,SIFT,19.4922,MAT_FLANN,SEL_KNN,0.385788,13
HARIS,15.3991,27,SIFT,23.4159,MAT_FLANN,SEL_KNN,0.501433,24
HARIS,19.5795,35,SIFT,20.5951,MAT_FLANN,SEL_KNN,0.470178,23
HARIS,15.4669,17,SIFT,20.7905,HARIS,15.1622,14,SIFT,31.5066,MAT_BF,SEL_KNN,0.106104,14
HARIS,15.8875,19,SIFT,19.6893,MAT_BF,SEL_KNN,0.051768,11
HARIS,14.8157,22,SIFT,24.4485,MAT_BF,SEL_KNN,0.05868,16
HARIS,15.3653,26,SIFT,19.6049,MAT_BF,SEL_KNN,0.060351,20
HARIS,45.539,47,SIFT,24.1577,MAT_BF,SEL_KNN,0.120708,21
HARIS,13.6852,18,SIFT,19.6514,MAT_BF,SEL_KNN,0.078819,23
HARIS,16.8251,33,SIFT,21.003,MAT_BF,SEL_KNN,0.067948,13
HARIS,15.9872,27,SIFT,19.523,MAT_BF,SEL_KNN,0.07896,24
HARIS,19.3287,35,SIFT,19.675,MAT_BF,SEL_KNN,0.060463,23
HARIS,17.2076,17,FREAK,39.5864,HARIS,13.7045,14,FREAK,36.8087,MAT_BF,SEL_KNN,0.155868,13
HARIS,10.6004,19,FREAK,36.7242,MAT_BF,SEL_KNN,0.073566,12
HARIS,12.0022,22,FREAK,47.6676,MAT_BF,SEL_KNN,0.073409,15
HARIS,11.2208,26,FREAK,36.8953,MAT_BF,SEL_KNN,0.075098,16
HARIS,25.3472,47,FREAK,36.7108,MAT_BF,SEL_KNN,0.080901,16
HARIS,10.3666,18,FREAK,39.1679,MAT_BF,SEL_KNN,0.094617,21
HARIS,14.0615,33,FREAK,43.4544,MAT_BF,SEL_KNN,0.085014,12
HARIS,14.3132,27,FREAK,41.5229,MAT_BF,SEL_KNN,0.091444,21
HARIS,15.3831,35,FREAK,37.6748,MAT_BF,SEL_KNN,0.079496,19
HARIS,17.7343,17,ORB,1.0965,HARIS,15.6903,14,ORB,1.36441,MAT_BF,SEL_KNN,0.12762,12
HARIS,15.6086,19,ORB,1.52657,MAT_BF,SEL_KNN,0.058226,12
HARIS,15.8367,22,ORB,1.17296,MAT_BF,SEL_KNN,0.067105,15
HARIS,16.1842,26,ORB,1.08352,MAT_BF,SEL_KNN,0.078828,19
HARIS,28.5382,47,ORB,1.03956,MAT_BF,SEL_KNN,0.086049,23
HARIS,14.6382,18,ORB,1.02297,MAT_BF,SEL_KNN,0.389353,21
HARIS,17.3142,33,ORB,1.04796,MAT_BF,SEL_KNN,0.074067,15
HARIS,14.5624,27,ORB,1.18018,MAT_BF,SEL_KNN,0.113145,25
HARIS,19.9463,35,ORB,1.71774,MAT_BF,SEL_KNN,0.105711,23
HARIS,15.789,17,BRIEF,0.574942,HARIS,14.8946,14,BRIEF,1.40167,MAT_BF,SEL_KNN,0.122983,14
HARIS,14.9607,19,BRIEF,0.836096,MAT_BF,SEL_KNN,0.064322,11
HARIS,14.5033,22,BRIEF,0.920698,MAT_BF,SEL_KNN,0.07227,16
HARIS,15.3751,26,BRIEF,0.861947,MAT_BF,SEL_KNN,0.07461,21
HARIS,38.2424,47,BRIEF,0.465897,MAT_BF,SEL_KNN,0.088455,23
HARIS,14.2229,18,BRIEF,0.470862,MAT_BF,SEL_KNN,0.094686,28
HARIS,16.7761,33,BRIEF,0.864427,MAT_BF,SEL_KNN,0.065663,16
HARIS,15.2181,27,BRIEF,0.916376,MAT_BF,SEL_KNN,0.095812,25
HARIS,18.5082,35,BRIEF,0.692605,MAT_BF,SEL_KNN,0.157594,24
HARIS,16.0957,17,BRISK,292.769,HARIS,14.1623,14,BRISK,289.655,MAT_BF,SEL_KNN,0.126658,12
HARIS,15.0875,19,BRISK,288.288,MAT_BF,SEL_KNN,0.081437,10
HARIS,14.0541,22,BRISK,288.748,MAT_BF,SEL_KNN,0.079117,14
HARIS,15.1526,26,BRISK,288.716,MAT_BF,SEL_KNN,0.084903,16
HARIS,28.1487,47,BRISK,287.569,MAT_BF,SEL_KNN,0.091074,16
HARIS,13.1852,18,BRISK,290.251,MAT_BF,SEL_KNN,0.092962,17
HARIS,16.2924,33,BRISK,287.977,MAT_BF,SEL_KNN,0.0797,15
HARIS,14.4783,27,BRISK,291.064,MAT_BF,SEL_KNN,0.090184,22
HARIS,18.8324,35,BRISK,289.565,MAT_BF,SEL_KNN,0.093236,21
BRISK,457.433,264,BRISK,309.099,BRISK,334.157,282,BRISK,303.272,MAT_BF,SEL_KNN,49.532,171
BRISK,335.417,282,BRISK,301.942,MAT_BF,SEL_KNN,1.30951,176
BRISK,333.755,277,BRISK,300.948,MAT_BF,SEL_KNN,1.17162,157
BRISK,332.223,297,BRISK,301.904,MAT_BF,SEL_KNN,2.17373,176
BRISK,331.928,279,BRISK,300.882,MAT_BF,SEL_KNN,1.2171,174
BRISK,334.023,289,BRISK,301.292,MAT_BF,SEL_KNN,1.34627,188
BRISK,330.163,272,BRISK,301.908,MAT_BF,SEL_KNN,1.13973,173
BRISK,329.88,266,BRISK,300.772,MAT_BF,SEL_KNN,1.29504,171
BRISK,332.735,254,BRISK,301.123,MAT_BF,SEL_KNN,1.09925,184
BRISK,337.358,264,BRIEF,13.2973,BRISK,322.306,282,BRIEF,1.11558,MAT_BF,SEL_KNN,1.00681,178
BRISK,321.102,282,BRIEF,1.11906,MAT_BF,SEL_KNN,0.998912,205
BRISK,321.442,277,BRIEF,1.13383,MAT_BF,SEL_KNN,0.983158,185
BRISK,320.923,297,BRIEF,1.16707,MAT_BF,SEL_KNN,1.02551,179
BRISK,320.291,279,BRIEF,1.1113,MAT_BF,SEL_KNN,1.03682,183
BRISK,319.624,289,BRIEF,1.17344,MAT_BF,SEL_KNN,1.00815,195
BRISK,319.879,272,BRIEF,1.10215,MAT_BF,SEL_KNN,0.991589,207
BRISK,320.694,266,BRIEF,1.08468,MAT_BF,SEL_KNN,0.916589,189
BRISK,319.902,254,BRIEF,1.05525,MAT_BF,SEL_KNN,1.56267,183
BRISK,339.335,264,ORB,43.9563,BRISK,338.023,282,ORB,4.72364,MAT_BF,SEL_KNN,1.21138,162
BRISK,334.209,282,ORB,4.42808,MAT_BF,SEL_KNN,0.983513,175
BRISK,326.029,277,ORB,4.57883,MAT_BF,SEL_KNN,1.00347,158
BRISK,324.878,297,ORB,5.17407,MAT_BF,SEL_KNN,1.03568,167
BRISK,320.589,279,ORB,4.45414,MAT_BF,SEL_KNN,1.0605,160
BRISK,323.656,289,ORB,4.43736,MAT_BF,SEL_KNN,1.00213,182
BRISK,334.706,272,ORB,4.29874,MAT_BF,SEL_KNN,1.63826,167
BRISK,326.362,266,ORB,4.43642,MAT_BF,SEL_KNN,0.924919,171
BRISK,328.674,254,ORB,5.73612,MAT_BF,SEL_KNN,0.867299,172
BRISK,335.057,264,FREAK,40.8547,BRISK,321.526,282,FREAK,44.2627,MAT_BF,SEL_KNN,1.06759,160
BRISK,330.766,282,FREAK,39.2568,MAT_BF,SEL_KNN,0.986712,177
BRISK,322.912,277,FREAK,38.4711,MAT_BF,SEL_KNN,0.997468,155
BRISK,325.835,297,FREAK,38.7025,MAT_BF,SEL_KNN,1.04211,173
BRISK,326.021,279,FREAK,38.855,MAT_BF,SEL_KNN,1.09444,161
BRISK,321.417,289,FREAK,38.6686,MAT_BF,SEL_KNN,1.02989,183
BRISK,320.952,272,FREAK,38.6321,MAT_BF,SEL_KNN,0.991354,169
BRISK,320.734,266,FREAK,38.7705,MAT_BF,SEL_KNN,0.905515,178
BRISK,320.968,254,FREAK,39.1566,MAT_BF,SEL_KNN,0.848051,168
BRISK,325.18,264,SIFT,105.741,BRISK,321.995,282,SIFT,44.5392,MAT_BF,SEL_KNN,1.56996,182
BRISK,321.445,282,SIFT,50.9876,MAT_BF,SEL_KNN,1.64817,193
BRISK,321.053,277,SIFT,47.254,MAT_BF,SEL_KNN,1.61411,169
BRISK,331.854,297,SIFT,46.7652,MAT_BF,SEL_KNN,1.67371,183
BRISK,321.609,279,SIFT,48.556,MAT_BF,SEL_KNN,1.85681,171
BRISK,322.958,289,SIFT,49.4094,MAT_BF,SEL_KNN,2.00489,195
BRISK,326.844,272,SIFT,44.0075,MAT_BF,SEL_KNN,1.61696,194
BRISK,319.982,266,SIFT,47.9876,MAT_BF,SEL_KNN,1.52867,176
BRISK,323.047,254,SIFT,45.4288,MAT_BF,SEL_KNN,1.96567,183
BRISK,329.477,264,SIFT,54.1817,BRISK,320.748,282,SIFT,47.381,MAT_FLANN,SEL_KNN,13.7697,184
BRISK,338.489,282,SIFT,45.2017,MAT_FLANN,SEL_KNN,4.10249,195
BRISK,322.62,277,SIFT,47.6919,MAT_FLANN,SEL_KNN,4.08256,169
BRISK,321.691,297,SIFT,49.9199,MAT_FLANN,SEL_KNN,4.32107,187
BRISK,324.676,279,SIFT,53.75,MAT_FLANN,SEL_KNN,5.34692,171
BRISK,334.247,289,SIFT,50.8743,MAT_FLANN,SEL_KNN,4.19229,197
BRISK,323.189,272,SIFT,49.7807,MAT_FLANN,SEL_KNN,4.20216,193
BRISK,325.285,266,SIFT,50.908,MAT_FLANN,SEL_KNN,3.97086,177
BRISK,323.11,254,SIFT,45.7393,MAT_FLANN,SEL_KNN,3.7884,184
BRISK,327.76,264,FREAK,41.2999,BRISK,332.812,282,FREAK,40.0003,MAT_FLANN,SEL_KNN,4.90646,162
BRISK,321.083,282,FREAK,39.0765,MAT_FLANN,SEL_KNN,3.87813,181
BRISK,320.46,277,FREAK,38.3591,MAT_FLANN,SEL_KNN,4.06496,161
BRISK,321.402,297,FREAK,38.4512,MAT_FLANN,SEL_KNN,4.79306,177
BRISK,320.344,279,FREAK,38.6222,MAT_FLANN,SEL_KNN,4.88519,168
BRISK,319.872,289,FREAK,38.48,MAT_FLANN,SEL_KNN,4.30393,180
BRISK,319.231,272,FREAK,38.4783,MAT_FLANN,SEL_KNN,4.48939,172
BRISK,329.575,266,FREAK,37.9736,MAT_FLANN,SEL_KNN,3.78607,179
BRISK,323.816,254,FREAK,38.425,MAT_FLANN,SEL_KNN,3.52991,169
FAST,2.22505,419,FREAK,56.2524,FAST,2.15066,427,FREAK,42.5857,MAT_FLANN,SEL_KNN,10.7539,251
FAST,1.85889,404,FREAK,39.7955,MAT_FLANN,SEL_KNN,8.54314,250
FAST,1.96488,423,FREAK,40.0586,MAT_FLANN,SEL_KNN,8.73513,238
FAST,1.94898,386,FREAK,39.1252,MAT_FLANN,SEL_KNN,7.35843,258
FAST,1.87729,414,FREAK,38.702,MAT_FLANN,SEL_KNN,6.6672,234
FAST,1.91974,418,FREAK,39.3887,MAT_FLANN,SEL_KNN,8.38728,270
FAST,2.05984,406,FREAK,39.3512,MAT_FLANN,SEL_KNN,7.6993,255
FAST,1.93099,396,FREAK,38.774,MAT_FLANN,SEL_KNN,8.51214,253
FAST,1.97634,401,FREAK,38.9472,MAT_FLANN,SEL_KNN,7.11988,250
HARIS,43.7166,17,FREAK,38.9299,HARIS,14.1437,14,FREAK,37.6584,MAT_FLANN,SEL_KNN,0.63002,12
HARIS,11.6147,19,FREAK,37.1713,MAT_FLANN,SEL_KNN,0.527053,7
HARIS,11.5879,22,FREAK,36.8159,MAT_FLANN,SEL_KNN,0.580152,13
HARIS,12.4467,26,FREAK,37.4188,MAT_FLANN,SEL_KNN,0.613845,16
HARIS,24.2387,47,FREAK,38.1458,MAT_FLANN,SEL_KNN,0.69131,17
HARIS,10.2584,18,FREAK,37.8985,MAT_FLANN,SEL_KNN,0.751833,16
HARIS,13.4103,33,FREAK,37.2845,MAT_FLANN,SEL_KNN,0.598285,11
HARIS,11.3019,27,FREAK,36.6056,MAT_FLANN,SEL_KNN,0.697618,17
HARIS,15.2255,35,FREAK,37.4255,MAT_FLANN,SEL_KNN,0.614847,17
SHITOMASI,67.7674,125,FREAK,42.8956,SHITOMASI,13.6859,118,FREAK,38.9199,MAT_FLANN,SEL_KNN,1.98907,85
SHITOMASI,11.8838,123,FREAK,38.382,MAT_FLANN,SEL_KNN,1.7579,89
SHITOMASI,11.1004,120,FREAK,37.4787,MAT_FLANN,SEL_KNN,1.90523,86
SHITOMASI,9.87396,120,FREAK,37.4968,MAT_FLANN,SEL_KNN,1.80594,89
SHITOMASI,12.4094,113,FREAK,38.8361,MAT_FLANN,SEL_KNN,1.73137,84
SHITOMASI,11.0932,114,FREAK,37.2477,MAT_FLANN,SEL_KNN,1.80703,82
SHITOMASI,9.89024,123,FREAK,37.618,MAT_FLANN,SEL_KNN,1.7316,80
SHITOMASI,12.2631,111,FREAK,38.5046,MAT_FLANN,SEL_KNN,1.78382,87
SHITOMASI,11.0012,112,FREAK,37.2187,MAT_FLANN,SEL_KNN,1.82715,85
BRISK,323.377,264,ORB,4.92997,BRISK,333.404,282,ORB,4.84674,MAT_FLANN,SEL_KNN,4.51704,165
BRISK,321.054,282,ORB,4.58753,MAT_FLANN,SEL_KNN,4.75324,182
BRISK,337.259,277,ORB,7.39691,MAT_FLANN,SEL_KNN,3.43591,168
BRISK,330.191,297,ORB,4.90577,MAT_FLANN,SEL_KNN,5.01368,174
BRISK,323.854,279,ORB,5.17547,MAT_FLANN,SEL_KNN,4.67934,169
BRISK,324.508,289,ORB,4.49193,MAT_FLANN,SEL_KNN,4.84023,187
BRISK,321.735,272,ORB,5.3217,MAT_FLANN,SEL_KNN,7.96352,171
BRISK,333.671,266,ORB,4.79252,MAT_FLANN,SEL_KNN,3.65499,180
BRISK,333.848,254,ORB,5.21192,MAT_FLANN,SEL_KNN,3.80509,177
BRISK,338.819,264,BRIEF,1.71833,BRISK,325.192,282,BRIEF,1.14886,MAT_FLANN,SEL_KNN,7.40285,179
BRISK,320.888,282,BRIEF,1.13717,MAT_FLANN,SEL_KNN,5.26236,204
BRISK,328.211,277,BRIEF,1.13893,MAT_FLANN,SEL_KNN,4.83805,185
BRISK,331.308,297,BRIEF,1.1221,MAT_FLANN,SEL_KNN,4.10499,179
BRISK,329.051,279,BRIEF,1.08055,MAT_FLANN,SEL_KNN,4.25135,185
BRISK,328.635,289,BRIEF,1.10636,MAT_FLANN,SEL_KNN,4.06272,195
BRISK,329.526,272,BRIEF,1.15539,MAT_FLANN,SEL_KNN,4.25176,206
BRISK,333.403,266,BRIEF,1.64559,MAT_FLANN,SEL_KNN,4.54838,189
BRISK,340.505,254,BRIEF,1.37389,MAT_FLANN,SEL_KNN,6.76642,180
BRISK,328.192,264,BRISK,300.061,BRISK,320.089,282,BRISK,290.255,MAT_FLANN,SEL_KNN,4.24067,175
BRISK,327.695,282,BRISK,292.181,MAT_FLANN,SEL_KNN,4.52905,182
BRISK,329.716,277,BRISK,293.572,MAT_FLANN,SEL_KNN,4.46074,170
BRISK,322.272,297,BRISK,290.152,MAT_FLANN,SEL_KNN,4.48731,180
BRISK,326.187,279,BRISK,294.528,MAT_FLANN,SEL_KNN,4.50524,175
BRISK,327.739,289,BRISK,298.837,MAT_FLANN,SEL_KNN,4.88859,192
BRISK,320.256,272,BRISK,289.384,MAT_FLANN,SEL_KNN,4.47737,180
BRISK,325.968,266,BRISK,297.118,MAT_FLANN,SEL_KNN,3.95694,179
BRISK,319.042,254,BRISK,298.838,MAT_FLANN,SEL_KNN,3.92315,185
BRISK,337.052,264,BRISK,291.934,BRISK,331.723,282,BRISK,295.604,MAT_FLANN,SEL_NN,5.51771,263
BRISK,328.28,282,BRISK,302.072,MAT_FLANN,SEL_NN,4.35732,280
BRISK,322.329,277,BRISK,292.019,MAT_FLANN,SEL_NN,3.68689,280
BRISK,321.903,297,BRISK,290.334,MAT_FLANN,SEL_NN,4.30012,277
BRISK,337.617,279,BRISK,292.451,MAT_FLANN,SEL_NN,5.87552,294
BRISK,320.222,289,BRISK,296.09,MAT_FLANN,SEL_NN,3.48748,279
BRISK,325.211,272,BRISK,298.7,MAT_FLANN,SEL_NN,4.31264,285
BRISK,327.017,266,BRISK,297.921,MAT_FLANN,SEL_NN,3.84521,271
BRISK,324.98,254,BRISK,291.226,MAT_FLANN,SEL_NN,3.83542,265
BRISK,341.703,264,BRIEF,1.91816,BRISK,321.64,282,BRIEF,1.12885,MAT_FLANN,SEL_NN,4.73616,264
BRISK,326.54,282,BRIEF,1.11707,MAT_FLANN,SEL_NN,5.61354,282
BRISK,330.082,277,BRIEF,1.1282,MAT_FLANN,SEL_NN,4.72738,282
BRISK,331.953,297,BRIEF,1.16008,MAT_FLANN,SEL_NN,5.0219,277
BRISK,328.663,279,BRIEF,1.1416,MAT_FLANN,SEL_NN,4.71998,295
BRISK,320.272,289,BRIEF,1.14595,MAT_FLANN,SEL_NN,4.74845,279
BRISK,325.681,272,BRIEF,1.13563,MAT_FLANN,SEL_NN,4.89871,289
BRISK,328.137,266,BRIEF,1.18347,MAT_FLANN,SEL_NN,4.37841,272
BRISK,335.134,254,BRIEF,1.18293,MAT_FLANN,SEL_NN,6.64504,266
BRISK,336.61,264,BRIEF,1.7154,BRISK,320.888,282,BRIEF,1.17759,MAT_BF,SEL_NN,0.903404,264
BRISK,321.81,282,BRIEF,1.18217,MAT_BF,SEL_NN,0.909563,282
BRISK,321.719,277,BRIEF,1.15462,MAT_BF,SEL_NN,0.922493,282
BRISK,319.88,297,BRIEF,1.19639,MAT_BF,SEL_NN,0.961729,277
BRISK,320.01,279,BRIEF,1.1708,MAT_BF,SEL_NN,0.973966,297
BRISK,319.936,289,BRIEF,1.20895,MAT_BF,SEL_NN,0.935299,279
BRISK,320.348,272,BRIEF,1.13388,MAT_BF,SEL_NN,1.16179,289
BRISK,321.049,266,BRIEF,1.15011,MAT_BF,SEL_NN,0.838354,272
BRISK,321.902,254,BRIEF,1.05405,MAT_BF,SEL_NN,0.776464,266
BRISK,325.074,264,ORB,4.90947,BRISK,322,282,ORB,4.43238,MAT_BF,SEL_NN,0.897325,264
BRISK,321.508,282,ORB,4.63264,MAT_BF,SEL_NN,1.05648,282
BRISK,321.109,277,ORB,4.53455,MAT_BF,SEL_NN,0.902833,282
BRISK,360.943,297,ORB,4.89619,MAT_BF,SEL_NN,0.989273,277
BRISK,321.969,279,ORB,4.3841,MAT_BF,SEL_NN,0.942931,297
BRISK,327.385,289,ORB,4.53857,MAT_BF,SEL_NN,1.02669,279
BRISK,320.81,272,ORB,4.53683,MAT_BF,SEL_NN,0.899927,289
BRISK,320.441,266,ORB,4.89966,MAT_BF,SEL_NN,0.933692,272
BRISK,320.191,254,ORB,4.8708,MAT_BF,SEL_NN,0.849404,266
BRISK,334.628,264,FREAK,40.7608,BRISK,321.603,282,FREAK,40.188,MAT_BF,SEL_NN,0.931192,242
BRISK,320.876,282,FREAK,39.0945,MAT_BF,SEL_NN,0.910748,260
BRISK,321.337,277,FREAK,38.3859,MAT_BF,SEL_NN,0.926337,263
BRISK,320.523,297,FREAK,38.6732,MAT_BF,SEL_NN,0.965046,264
BRISK,322.052,279,FREAK,39.0339,MAT_BF,SEL_NN,0.935553,274
BRISK,322.114,289,FREAK,38.7826,MAT_BF,SEL_NN,0.931918,256
BRISK,321.378,272,FREAK,38.8602,MAT_BF,SEL_NN,0.971595,269
BRISK,321.014,266,FREAK,38.6283,MAT_BF,SEL_NN,0.88213,255
BRISK,319.955,254,FREAK,38.8558,MAT_BF,SEL_NN,0.851313,243
BRISK,337.455,264,FREAK,40.74,BRISK,334.887,282,FREAK,39.2031,MAT_FLANN,SEL_NN,3.6481,242
BRISK,325.994,282,FREAK,39.1306,MAT_FLANN,SEL_NN,4.2601,260
BRISK,331.849,277,FREAK,38.2119,MAT_FLANN,SEL_NN,3.85623,263
BRISK,328.071,297,FREAK,38.5429,MAT_FLANN,SEL_NN,4.33421,264
BRISK,332.784,279,FREAK,38.744,MAT_FLANN,SEL_NN,3.70707,273
BRISK,338.97,289,FREAK,38.8678,MAT_FLANN,SEL_NN,3.90268,256
BRISK,327.983,272,FREAK,38.9729,MAT_FLANN,SEL_NN,4.00134,269
BRISK,326.804,266,FREAK,37.9405,MAT_FLANN,SEL_NN,3.69271,255
BRISK,327.435,254,FREAK,38.8152,MAT_FLANN,SEL_NN,4.00438,243
BRISK,335.159,264,FREAK,44.8811,BRISK,321.011,282,FREAK,39.9618,MAT_BF,SEL_KNN,1.03041,160
BRISK,321.18,282,FREAK,39.4161,MAT_BF,SEL_KNN,1.07021,177
BRISK,321.422,277,FREAK,38.4621,MAT_BF,SEL_KNN,1.09369,155
BRISK,320.684,297,FREAK,38.6136,MAT_BF,SEL_KNN,1.42171,173
BRISK,321.335,279,FREAK,38.4102,MAT_BF,SEL_KNN,1.21664,161
BRISK,320.793,289,FREAK,38.154,MAT_BF,SEL_KNN,1.05488,183
BRISK,320.751,272,FREAK,38.0479,MAT_BF,SEL_KNN,0.996971,169
BRISK,327.749,266,FREAK,38.374,MAT_BF,SEL_KNN,1.09868,178
BRISK,327.081,254,FREAK,39.8316,MAT_BF,SEL_KNN,1.28212,168
BRISK,324.453,264,SIFT,50.8657,BRISK,351.511,282,SIFT,48.4872,MAT_BF,SEL_KNN,1.6073,182
BRISK,319.37,282,SIFT,67.9681,MAT_BF,SEL_KNN,2.92853,193
BRISK,327.276,277,SIFT,48.4568,MAT_BF,SEL_KNN,1.62538,169
BRISK,324.891,297,SIFT,49.6516,MAT_BF,SEL_KNN,2.52994,183
BRISK,328.235,279,SIFT,49.6382,MAT_BF,SEL_KNN,1.68838,171
BRISK,323.99,289,SIFT,55.1744,MAT_BF,SEL_KNN,1.72568,195
BRISK,320.841,272,SIFT,49.6367,MAT_BF,SEL_KNN,1.68131,194
BRISK,322.957,266,SIFT,47.0067,MAT_BF,SEL_KNN,1.71905,176
BRISK,323.449,254,SIFT,45.3955,MAT_BF,SEL_KNN,1.63757,183
BRISK,338.545,264,SIFT,53.2402,BRISK,323.169,282,SIFT,47.2836,MAT_FLANN,SEL_KNN,4.17315,184
BRISK,322.85,282,SIFT,45.517,MAT_FLANN,SEL_KNN,4.11041,195
BRISK,321.315,277,SIFT,51.0509,MAT_FLANN,SEL_KNN,4.146,169
BRISK,331.285,297,SIFT,49.189,MAT_FLANN,SEL_KNN,4.11036,187
BRISK,323.912,279,SIFT,49.5318,MAT_FLANN,SEL_KNN,4.39292,171
BRISK,325.14,289,SIFT,48.0993,MAT_FLANN,SEL_KNN,4.22771,197
BRISK,320.833,272,SIFT,51.4019,MAT_FLANN,SEL_KNN,4.14934,193
BRISK,321.274,266,SIFT,49.3641,MAT_FLANN,SEL_KNN,3.91351,177
BRISK,322.663,254,SIFT,45.6795,MAT_FLANN,SEL_KNN,3.86858,184
BRISK,336.064,264,SIFT,51.0938,BRISK,322.511,282,SIFT,50.0785,MAT_FLANN,SEL_NN,3.76483,264
BRISK,321.697,282,SIFT,48.5314,MAT_FLANN,SEL_NN,3.83214,282
BRISK,324.128,277,SIFT,46.6616,MAT_FLANN,SEL_NN,3.82343,282
BRISK,347.241,297,SIFT,50.473,MAT_FLANN,SEL_NN,4.15408,277
BRISK,327.032,279,SIFT,50.108,MAT_FLANN,SEL_NN,4.07397,297
BRISK,333.241,289,SIFT,56.2142,MAT_FLANN,SEL_NN,3.82932,279
BRISK,332.186,272,SIFT,48.8436,MAT_FLANN,SEL_NN,4.05536,289
BRISK,324.447,266,SIFT,49.3569,MAT_FLANN,SEL_NN,3.73358,272
BRISK,324.604,254,SIFT,44.8243,MAT_FLANN,SEL_NN,3.5233,266
BRISK,349.202,264,SIFT,53.9124,BRISK,323.204,282,SIFT,47.2734,MAT_BF,SEL_NN,1.58325,264
BRISK,322.92,282,SIFT,50.7631,MAT_BF,SEL_NN,1.71049,282
BRISK,322.272,277,SIFT,46.4437,MAT_BF,SEL_NN,1.54388,282
BRISK,322.132,297,SIFT,49.6947,MAT_BF,SEL_NN,1.61463,277
BRISK,324.179,279,SIFT,49.2476,MAT_BF,SEL_NN,7.8649,297
BRISK,325.288,289,SIFT,50.7254,MAT_BF,SEL_NN,2.52071,279
BRISK,322.34,272,SIFT,44.9158,MAT_BF,SEL_NN,1.57885,289
BRISK,322.903,266,SIFT,49.9399,MAT_BF,SEL_NN,1.66548,272
BRISK,335.012,254,SIFT,49.6969,MAT_BF,SEL_NN,1.39371,266
ORB,8.60209,92,SIFT,64.9738,ORB,7.29673,102,SIFT,51.8283,MAT_BF,SEL_NN,0.40265,92
ORB,7.61871,106,SIFT,51.7645,MAT_BF,SEL_NN,0.398068,102
ORB,6.51727,113,SIFT,53.6519,MAT_BF,SEL_NN,0.456766,106
ORB,6.41498,109,SIFT,53.7041,MAT_BF,SEL_NN,0.41329,113
ORB,6.43818,125,SIFT,53.7097,MAT_BF,SEL_NN,0.433677,109
ORB,6.39104,130,SIFT,59.6719,MAT_BF,SEL_NN,0.490899,125
ORB,6.55897,129,SIFT,57.0586,MAT_BF,SEL_NN,0.478319,130
ORB,6.6303,127,SIFT,57.7931,MAT_BF,SEL_NN,0.489237,129
ORB,7.21945,128,SIFT,53.771,MAT_BF,SEL_NN,0.487913,127
ORB,8.21806,92,FREAK,41.016,ORB,17.5661,102,FREAK,39.1066,MAT_BF,SEL_NN,0.265889,46
ORB,18.0041,106,FREAK,38.5123,MAT_BF,SEL_NN,0.164991,53
ORB,7.62287,113,FREAK,37.4151,MAT_BF,SEL_NN,0.107026,56
ORB,7.40572,109,FREAK,36.9986,MAT_BF,SEL_NN,0.151079,65
ORB,6.34324,125,FREAK,37.1528,MAT_BF,SEL_NN,0.105555,55
ORB,7.14809,130,FREAK,38.2225,MAT_BF,SEL_NN,0.1177,64
ORB,6.44902,129,FREAK,37.5658,MAT_BF,SEL_NN,0.122677,66
ORB,7.58214,127,FREAK,38.1114,MAT_BF,SEL_NN,0.141092,71
ORB,6.48535,128,FREAK,37.5113,MAT_BF,SEL_NN,0.12946,73
ORB,9.06833,92,ORB,4.93952,ORB,7.74681,102,ORB,4.79559,MAT_BF,SEL_NN,0.317138,92
ORB,8.44896,106,ORB,5.25409,MAT_BF,SEL_NN,0.180007,102
ORB,6.60688,113,ORB,4.57973,MAT_BF,SEL_NN,0.272983,106
ORB,6.93053,109,ORB,4.73649,MAT_BF,SEL_NN,0.284141,113
ORB,6.46748,125,ORB,5.04586,MAT_BF,SEL_NN,0.210121,109
ORB,6.5617,130,ORB,4.81794,MAT_BF,SEL_NN,0.241625,125
ORB,6.82186,129,ORB,4.90805,MAT_BF,SEL_NN,0.277187,130
ORB,7.44798,127,ORB,5.58666,MAT_BF,SEL_NN,0.251588,129
ORB,6.8599,128,ORB,4.89375,MAT_BF,SEL_NN,0.360483,127
ORB,7.74194,92,BRIEF,1.067,ORB,7.55492,102,BRIEF,0.585701,MAT_BF,SEL_NN,0.304393,92
ORB,6.7721,106,BRIEF,0.615751,MAT_BF,SEL_NN,0.23366,102
ORB,6.80386,113,BRIEF,0.69973,MAT_BF,SEL_NN,0.21572,106
ORB,7.40274,109,BRIEF,0.863966,MAT_BF,SEL_NN,0.224729,113
ORB,6.69501,125,BRIEF,0.665133,MAT_BF,SEL_NN,0.223407,109
ORB,7.04429,130,BRIEF,0.670308,MAT_BF,SEL_NN,0.236175,125
ORB,6.99356,129,BRIEF,0.851924,MAT_BF,SEL_NN,0.274043,130
ORB,7.15055,127,BRIEF,0.680674,MAT_BF,SEL_NN,0.345528,129
ORB,7.45325,128,BRIEF,0.672993,MAT_BF,SEL_NN,0.239051,127
ORB,8.04612,92,BRISK,309.722,ORB,7.55166,102,BRISK,289.266,MAT_BF,SEL_NN,0.234976,83
ORB,7.39673,106,BRISK,288.844,MAT_BF,SEL_NN,0.189393,93
ORB,7.50851,113,BRISK,288.052,MAT_BF,SEL_NN,0.197606,95
ORB,7.32145,109,BRISK,289.762,MAT_BF,SEL_NN,0.211033,103
ORB,7.09171,125,BRISK,288.787,MAT_BF,SEL_NN,0.229875,101
ORB,6.95627,130,BRISK,288.814,MAT_BF,SEL_NN,0.245363,116
ORB,7.11324,129,BRISK,288.446,MAT_BF,SEL_NN,0.256124,120
ORB,6.90331,127,BRISK,288.513,MAT_BF,SEL_NN,0.256809,120
ORB,7.1355,128,BRISK,288.405,MAT_BF,SEL_NN,0.31938,119
ORB,8.94545,92,ORB,5.99163,ORB,12.3531,102,ORB,4.62669,MAT_FLANN,SEL_NN,1.43127,91
ORB,7.5425,106,ORB,5.42924,MAT_FLANN,SEL_NN,1.47322,101
ORB,6.77231,113,ORB,15.1398,MAT_FLANN,SEL_NN,1.80096,104
ORB,6.86918,109,ORB,4.64994,MAT_FLANN,SEL_NN,1.85021,109
ORB,6.8067,125,ORB,4.80188,MAT_FLANN,SEL_NN,1.68303,108
ORB,6.73348,130,ORB,4.70479,MAT_FLANN,SEL_NN,2.51818,125
ORB,6.7652,129,ORB,4.66101,MAT_FLANN,SEL_NN,2.39056,126
ORB,6.89218,127,ORB,4.71854,MAT_FLANN,SEL_NN,2.0373,128
ORB,7.21553,128,ORB,4.55516,MAT_FLANN,SEL_NN,3.48043,125
ORB,9.44049,92,ORB,5.94604,ORB,9.13193,102,ORB,5.00421,MAT_FLANN,SEL_KNN,2.31829,64
ORB,8.46959,106,ORB,4.63553,MAT_FLANN,SEL_KNN,13.8986,71
ORB,6.26722,113,ORB,4.64954,MAT_FLANN,SEL_KNN,1.47086,70
ORB,7.30144,109,ORB,4.62505,MAT_FLANN,SEL_KNN,1.51385,82
ORB,6.64702,125,ORB,4.7452,MAT_FLANN,SEL_KNN,1.92251,89
ORB,6.58976,130,ORB,4.63792,MAT_FLANN,SEL_KNN,2.44436,92
ORB,7.38349,129,ORB,4.62526,MAT_FLANN,SEL_KNN,2.82913,92
ORB,8.10518,127,ORB,4.57235,MAT_FLANN,SEL_KNN,2.51764,89
ORB,6.99099,128,ORB,4.75753,MAT_FLANN,SEL_KNN,1.7868,91
AKAZE,101.66,166,AKAZE,75.8442,AKAZE,73.1029,157,AKAZE,59.6453,MAT_FLANN,SEL_KNN,2.61376,137
AKAZE,68.6352,161,AKAZE,60.7349,MAT_FLANN,SEL_KNN,2.27716,133
AKAZE,73.6103,155,AKAZE,59.8464,MAT_FLANN,SEL_KNN,2.5765,133
AKAZE,71.5034,163,AKAZE,65.2865,MAT_FLANN,SEL_KNN,2.33915,128
AKAZE,77.9032,164,AKAZE,81.2985,MAT_FLANN,SEL_KNN,3.64177,130
AKAZE,95.5363,173,AKAZE,77.2801,MAT_FLANN,SEL_KNN,2.60009,142
AKAZE,81.719,175,AKAZE,63.8904,MAT_FLANN,SEL_KNN,2.70429,150
AKAZE,69.0244,177,AKAZE,67.8,MAT_FLANN,SEL_KNN,2.60961,152
AKAZE,78.6459,179,AKAZE,62.2377,MAT_FLANN,SEL_KNN,2.69929,149
AKAZE,95.0893,166,AKAZE,59.9815,AKAZE,77.0639,157,AKAZE,61.749,MAT_BF,SEL_KNN,0.589347,138
AKAZE,72.3896,161,AKAZE,60.0389,MAT_BF,SEL_KNN,0.631243,138
AKAZE,72.7567,155,AKAZE,59.6065,MAT_BF,SEL_KNN,0.542407,133
AKAZE,71.6206,163,AKAZE,59.5265,MAT_BF,SEL_KNN,0.532307,127
AKAZE,77.4798,164,AKAZE,64.8945,MAT_BF,SEL_KNN,0.571346,129
AKAZE,91.3992,173,AKAZE,68.291,MAT_BF,SEL_KNN,0.597098,146
AKAZE,80.8104,175,AKAZE,65.6374,MAT_BF,SEL_KNN,0.624847,147
AKAZE,70.8707,177,AKAZE,61.6899,MAT_BF,SEL_KNN,0.622405,151
AKAZE,72.188,179,AKAZE,64.0876,MAT_BF,SEL_KNN,0.85618,150
AKAZE,95.3852,166,AKAZE,59.2349,AKAZE,73.5923,157,AKAZE,59.2789,MAT_BF,SEL_NN,0.533879,166
AKAZE,71.6734,161,AKAZE,60.3325,MAT_BF,SEL_NN,0.537386,157
AKAZE,70.6029,155,AKAZE,60.0463,MAT_BF,SEL_NN,0.52194,161
AKAZE,75.0784,163,AKAZE,59.5924,MAT_BF,SEL_NN,0.502017,155
AKAZE,70.875,164,AKAZE,59.7986,MAT_BF,SEL_NN,0.505162,163
AKAZE,72.497,173,AKAZE,58.7993,MAT_BF,SEL_NN,0.529126,164
AKAZE,72.5695,175,AKAZE,59.6336,MAT_BF,SEL_NN,0.58243,173
AKAZE,71.4479,177,AKAZE,61.2536,MAT_BF,SEL_NN,0.555572,175
AKAZE,78.1508,179,AKAZE,62.5578,MAT_BF,SEL_NN,0.890166,177
AKAZE,89.1704,166,AKAZE,60.1077,AKAZE,69.6243,157,AKAZE,59.9208,MAT_FLANN,SEL_NN,2.58519,166
AKAZE,70.1577,161,AKAZE,59.2549,MAT_FLANN,SEL_NN,2.17521,156
AKAZE,67.2834,155,AKAZE,60.0008,MAT_FLANN,SEL_NN,2.41252,161
AKAZE,70.3766,163,AKAZE,58.9115,MAT_FLANN,SEL_NN,2.16279,155
AKAZE,71.2602,164,AKAZE,61.8684,MAT_FLANN,SEL_NN,2.19914,163
AKAZE,73.4917,173,AKAZE,59.9831,MAT_FLANN,SEL_NN,2.42976,164
AKAZE,69.9954,175,AKAZE,60.3443,MAT_FLANN,SEL_NN,2.36661,171
AKAZE,71.2721,177,AKAZE,61.3536,MAT_FLANN,SEL_NN,2.4271,173
AKAZE,69.0044,179,AKAZE,61.191,MAT_FLANN,SEL_NN,2.44349,177
SIFT,262.876,138,SIFT,88.6436,SIFT,96.9408,132,SIFT,76.7898,MAT_FLANN,SEL_NN,1.88153,138
SIFT,96.2861,124,SIFT,75.5424,MAT_FLANN,SEL_NN,1.66978,132
SIFT,96.0259,137,SIFT,76.6583,MAT_FLANN,SEL_NN,1.70906,124
SIFT,96.4791,134,SIFT,80.1409,MAT_FLANN,SEL_NN,1.76006,137
SIFT,98.2324,140,SIFT,75.6967,MAT_FLANN,SEL_NN,1.77226,134
SIFT,98.2519,137,SIFT,75.0699,MAT_FLANN,SEL_NN,1.80028,140
SIFT,97.5096,148,SIFT,75.0979,MAT_FLANN,SEL_NN,1.81693,137
SIFT,98.511,159,SIFT,75.6456,MAT_FLANN,SEL_NN,1.94336,148
SIFT,103.939,137,SIFT,75.4901,MAT_FLANN,SEL_NN,1.95011,159
SIFT,133.674,138,SIFT,88.6568,SIFT,96.726,132,SIFT,76.2694,MAT_BF,SEL_NN,0.546081,138
SIFT,97.857,124,SIFT,76.5208,MAT_BF,SEL_NN,0.483397,132
SIFT,96.4342,137,SIFT,76.549,MAT_BF,SEL_NN,0.489651,124
SIFT,96.0841,134,SIFT,75.4122,MAT_BF,SEL_NN,0.520489,137
SIFT,94.739,140,SIFT,75.1402,MAT_BF,SEL_NN,0.516921,134
SIFT,96.7947,137,SIFT,75.6626,MAT_BF,SEL_NN,0.51344,140
SIFT,96.4809,148,SIFT,74.4108,MAT_BF,SEL_NN,0.544694,137
SIFT,95.3766,159,SIFT,75.3749,MAT_BF,SEL_NN,0.596318,148
SIFT,100.653,137,SIFT,75.9282,MAT_BF,SEL_NN,0.574273,159
SIFT,127.931,138,SIFT,89.3445,SIFT,96.1602,132,SIFT,76.234,MAT_BF,SEL_KNN,0.584731,82
SIFT,96.3284,124,SIFT,76.1734,MAT_BF,SEL_KNN,0.520325,81
SIFT,96.4195,137,SIFT,77.2818,MAT_BF,SEL_KNN,0.554092,85
SIFT,95.8226,134,SIFT,75.7146,MAT_BF,SEL_KNN,0.552231,93
SIFT,96.7302,140,SIFT,74.9507,MAT_BF,SEL_KNN,0.556004,90
SIFT,95.2406,137,SIFT,76.3007,MAT_BF,SEL_KNN,0.589559,81
SIFT,95.9751,148,SIFT,74.6467,MAT_BF,SEL_KNN,0.561258,82
SIFT,95.6249,159,SIFT,74.6207,MAT_BF,SEL_KNN,0.648113,102
SIFT,95.3999,137,SIFT,74.4968,MAT_BF,SEL_KNN,0.60265,104
SIFT,128.146,138,SIFT,88.913,SIFT,96.5681,132,SIFT,77.1853,MAT_FLANN,SEL_KNN,2.08213,82
SIFT,96.058,124,SIFT,84.5163,MAT_FLANN,SEL_KNN,1.87638,82
SIFT,111.228,137,SIFT,79.7942,MAT_FLANN,SEL_KNN,1.85304,85
SIFT,95.1728,134,SIFT,76.2778,MAT_FLANN,SEL_KNN,1.9701,94
SIFT,100.443,140,SIFT,77.2242,MAT_FLANN,SEL_KNN,1.97306,89
SIFT,97.5824,137,SIFT,85.5722,MAT_FLANN,SEL_KNN,2.10018,81
SIFT,106.867,148,SIFT,80.4389,MAT_FLANN,SEL_KNN,2.00341,82
SIFT,107.981,159,SIFT,75.3267,MAT_FLANN,SEL_KNN,2.20194,103
SIFT,102.684,137,SIFT,83.565,MAT_FLANN,SEL_KNN,2.25857,105
SIFT,130.05,138,BRISK,288.405,SIFT,109.934,132,BRISK,273.776,MAT_FLANN,SEL_NN,1.9264,136
SIFT,98.9787,124,BRISK,274.231,MAT_FLANN,SEL_NN,1.77147,132
SIFT,109.772,137,BRISK,274.067,MAT_FLANN,SEL_NN,1.74857,119
SIFT,138.188,134,BRISK,283.877,MAT_FLANN,SEL_NN,2.15852,136
SIFT,112.568,140,BRISK,276.672,MAT_FLANN,SEL_NN,2.01365,134
SIFT,112.602,137,BRISK,280.948,MAT_FLANN,SEL_NN,1.89227,136
SIFT,112.249,148,BRISK,276.837,MAT_FLANN,SEL_NN,1.8636,135
SIFT,110.036,159,BRISK,276.972,MAT_FLANN,SEL_NN,2.31779,144
SIFT,119.234,137,BRISK,275.606,MAT_FLANN,SEL_NN,1.98687,157
SIFT,138.11,138,BRIEF,0.776852,SIFT,110.823,132,BRIEF,0.670584,MAT_FLANN,SEL_NN,1.79102,137
SIFT,115.404,124,BRIEF,0.652593,MAT_FLANN,SEL_NN,1.75865,130
SIFT,110.662,137,BRIEF,0.690505,MAT_FLANN,SEL_NN,1.6787,124
SIFT,109.812,134,BRIEF,0.678701,MAT_FLANN,SEL_NN,1.7626,137
SIFT,109.979,140,BRIEF,0.696611,MAT_FLANN,SEL_NN,1.72053,134
SIFT,108.773,137,BRIEF,0.685216,MAT_FLANN,SEL_NN,1.66478,140
SIFT,110.656,148,BRIEF,0.719065,MAT_FLANN,SEL_NN,2.03588,137
SIFT,112.416,159,BRIEF,0.750078,MAT_FLANN,SEL_NN,2.04417,147
SIFT,113.255,137,BRIEF,0.698739,MAT_FLANN,SEL_NN,2.05683,157
SIFT,125.84,138,FREAK,38.8141,SIFT,110.638,132,FREAK,37.5282,MAT_BF,SEL_NN,0.504977,137
SIFT,110.217,124,FREAK,37.0154,MAT_BF,SEL_NN,0.421079,131
SIFT,108.334,137,FREAK,37.0929,MAT_BF,SEL_NN,0.40776,123
SIFT,109.786,134,FREAK,37.1579,MAT_BF,SEL_NN,0.444753,136
SIFT,112.406,140,FREAK,36.9476,MAT_BF,SEL_NN,0.5241,133
SIFT,111.071,137,FREAK,37.1318,MAT_BF,SEL_NN,0.440637,139
SIFT,111.101,148,FREAK,37.1729,MAT_BF,SEL_NN,0.561019,135
SIFT,108.802,159,FREAK,37.2247,MAT_BF,SEL_NN,0.489881,147
SIFT,110.455,137,FREAK,37.1348,MAT_BF,SEL_NN,0.478277,158
